[
  {
    "id": "0",
    "name": "RAW deco CHOCOLATE CAKE",
    "kana": "ローデコレーションチョコレートケーキ",
    "size": "15",
    "type": "ホール",
    "explanation": "　オーガニック生カカオをふんだんに使ったスタンダードなチョコレートケーキです。\n　ナッツボールをトッピングしました。\n　生地の中には低温乾燥しメープルシロップでキャラメリゼしたくるみが入っており、食感も楽しめます。",
    "price": "5500",
    "image": "img/menu/01.jpg"
  },
  {
    "id": "1",
    "name": "RAW NUTS CHOCO CAKE",
    "kana": "ローナッツチョコレートケーキ",
    "size": "18",
    "type": "タルト",
    "explanation": "　低温乾燥しメープルシロップでキャラメリゼした自家製ドライナッツ〔ピーカンナッツ・アーモンド・カシューナッツ・くるみ・パンプキンシード 〕やゴジベリーをトッピングした贅沢ナッツチョコケーキです。",
    "price": "7000",
    "image": "img/menu/02.jpg"
  },
  {
    "id": "2",
    "name": "RAW RUMRAISIN CHOCO CAKE",
    "kana": "ローラムレーズンチョコレートケーキ",
    "size": "18",
    "type": "タルト",
    "explanation": "　ラム酒に有機レーズンを漬け込んだちょっとビターなチョコレートケーキです。\n　ほろ苦さの中に深い甘みがクセになります。大人味のケーキです。",
    "price": "6000",
    "image": "img/menu/03.jpg"
  },
  {
    "id": "3",
    "name": "RAW BLUEBERRY CAKE",
    "kana": "ローブルーベリーケーキ",
    "size": "18",
    "type": "タルト",
    "explanation": "　オーガニックのブルーベリーをたっぷりとトッピングしたフルーティなデザート。生地の甘さとブルーベリーのバランスが満足のケーキです。",
    "price": "6300",
    "image": "img/menu/04.jpg"
  },
  {
    "id": "4",
    "name": "RAW RASPBERRY CAKE",
    "kana": "ローラズベリーケーキ",
    "size": "18",
    "type": "タルト",
    "explanation": "　ラズベリーならではの香りと酸っぱさが特徴です。少し酸味のある生地が、さらにラズベリーらしさを演出しています。中にもラズベリーが入っています。",
    "price": "6000",
    "image": "img/menu/05.jpg"
  },
  {
    "id": "5",
    "name": "RAW WHITE RUMRAISIN CAKE",
    "kana": "ローホワイトラムレーズンケーキ",
    "size": "18",
    "type": "タルト",
    "explanation": "　甘いクリーミーな生地に、ラム酒に漬け込んだ自家製ラムレーズンを入れたコクのあるケーキです。ラム酒をふんわり効かせた甘いケーキです。",
    "price": "6000",
    "image": "img/menu/06.jpg"
  },
  {
    "id": "6",
    "name": "RAW WHITE CAKE",
    "kana": "ローホワイトケーキ",
    "size": "15",
    "type": "ホール",
    "explanation": "　ベリーやナッツなどで華やかにトッピングした甘いホワイトケーキです。中にもラズベリーやブルーベリーが入っていて、甘酸っぱさも楽しめます。お祝いや記念日におすすめです。",
    "price": "5500",
    "image": "img/menu/07.jpg"
  },
  {
    "id": "7",
    "name": "RAW HEBESU CAKE",
    "kana": "ローへベスケーキ",
    "size": "18",
    "type": "タルト",
    "explanation": "　【季節限定6～10月】宮崎県日向市特産の有機へべすが３個皮ごと入っています。\n　へべすには、必須アミノ酸が８種も含まれている貴重な柑橘系のさわやかなクセのないフルーツです。",
    "price": "5500",
    "image": "img/menu/08.jpg"
  },
  {
    "id": "8",
    "name": "RAW Chocolat cake",
    "kana": "ローショコラケーキ",
    "size": "約16×4.5×3.5",
    "type": "パウンド",
    "explanation": "　ホールケーキの1/2のサイズで、お一人様、または贈答用にちょうどよいサイズ。スタンダードなチョコレートケーキの中にメープルシロップでキャラメリゼしたくるみが入っています。",
    "price": "3200",
    "image": "img/menu/09.jpg"
  }
]
